,SKU,PRICE
0,11331,$329.00
1,11332,$175.00
2,11333,$304.00
3,11333,$379.00
4,11333,$379.98
5,11334,$339.00
6,11334,$348.00
7,11334,$348.00
8,11334,$700.00
9,11334,$4175.00
10,11335,$304.00
11,11335,$315.00
12,11335,$449.97
13,11335,$3775.00
14,11336,$395.00
15,11336,$455.00
16,11336,$455.00
17,11336,$489.97
18,11336,$489.99
19,11336,$910.00
20,11336,$2725.00
21,11337,$395.00
22,11337,$455.00
23,11337,$455.00
24,11337,$489.97
25,11337,$489.99
26,11337,$910.00
27,11337,$2725.00
28,11338,$156.00
29,11338,$278.00
30,11339,$266.00
31,11340,$949.00
32,11342,$499.00
33,11342,$607.00
34,11343,$228.00
35,11344,$145.00
36,11345,$626.00
37,11345,$2499.00
38,11346,$499.97
39,11347,$158.00
40,11348,$255.00
41,11348,$325.55
42,11348,$377.00
43,11349,$249.00
44,11349,$305.00
45,11349,$380.00
46,11350,$232.89
47,11350,$373.00
48,11350,$456.89
49,11350,$946.89
50,11350,$1499.00
51,11351,$449.98
52,11351,$475.00
53,11351,$655.00
54,11352,$320.00
55,11352,$411.00
56,11353,$375.00
57,11353,$430.00
58,11354,$390.00
59,11355,$390.00
60,11355,$390.00
61,11355,$399.99
62,11355,$409.99
63,11355,$4675.00
64,11356,$250.00
65,11356,$259.99
66,11356,$279.99
67,11356,$283.50
68,11356,$295.95
69,11356,$297.00
70,11356,$335.00
71,11356,$339.98
72,11356,$349.95
73,11356,$567.00
74,11357,$383.00
75,11357,$385.00
76,11357,$392.00
77,11357,$399.95
78,11357,$399.97
79,11357,$399.98
80,11357,$432.95
81,11357,$450.00
82,11357,$490.00
83,11358,$675.00
84,11358,$999.99
85,11358,$1259.00
86,11358,$1259.89
87,11359,$127.00
88,11360,$139.00
89,11360,$145.00
90,11360,$149.00
91,11360,$181.65
92,11360,$182.00
93,11360,$599.00
94,11361,$79.99
95,11361,$127.00
96,11362,$132.00
97,11362,$224.75
98,11363,$96.95
99,11363,$129.94
100,11363,$135.00
101,11363,$139.00
102,11363,$139.95
103,11363,$148.00
104,11363,$149.00
105,11363,$159.99
106,11363,$173.50
107,11363,$188.99
108,11363,$802.95
109,11364,$120.00
110,11364,$139.00
111,11364,$145.00
112,11364,$149.00
113,11364,$161.00
114,11365,$475.00
115,11365,$538.00
116,11366,$475.00
117,11366,$538.00
118,11367,$443.00
119,11368,$395.00
120,11368,$455.00
121,11368,$569.89
122,11369,$435.00
123,11369,$450.00
124,11369,$474.98
125,11369,$485.00
126,11369,$495.00
127,11369,$549.99
128,11369,$582.00
129,11369,$586.00
130,11370,$525.00
131,11370,$531.00
132,11370,$536.00
133,11371,$873.00
134,11371,$875.00
135,11371,$875.00
136,11371,$892.00
137,11371,$910.00
138,11371,$995.00
139,11371,$1094.98
140,11371,$1129.00
141,11371,$1135.65
142,11372,$1050.00
143,11372,$1069.00
144,11372,$1095.00
145,11372,$1150.00
146,11372,$1294.58
147,11372,$1323.55
148,11372,$1500.00
149,11373,$492.00
150,11373,$493.00
151,11373,$498.00
152,11373,$499.00
153,11373,$499.00
154,11373,$499.97
155,11373,$535.50
156,11373,$539.98
157,11373,$550.00
158,11373,$629.50
159,11373,$1080.00
160,11373,$1084.00
161,11373,$2295.00
162,11374,$59.00
163,11374,$65.00
164,11374,$90.00
165,11374,$125.00
166,11374,$133.00
167,11374,$180.00
168,11376,$295.00
169,11376,$304.00
170,11376,$335.00
171,11376,$349.99
172,11376,$399.95
173,11376,$649.97
174,11377,$185.00
175,11377,$220.00
176,11377,$237.55
177,11377,$245.00
178,11377,$279.99
179,11378,$215.00
180,11378,$215.00
181,11378,$274.50
182,11379,$162.00
183,11380,$158.00
184,11380,$200.00
185,11380,$256.55
186,11381,$120.00
187,11381,$125.00
188,11381,$145.00
189,11381,$152.00
190,11381,$156.55
191,11382,$210.00
192,11382,$217.00
193,11382,$218.00
194,11382,$225.00
195,11382,$225.00
196,11382,$235.00
197,11382,$235.00
198,11382,$235.00
199,11382,$269.99
200,11382,$270.00
201,11382,$273.65
202,11382,$275.00
203,11382,$279.99
204,11383,$312.00
205,11383,$315.00
206,11383,$330.00
207,11383,$335.00
208,11383,$350.00
209,11383,$379.00
210,11383,$379.95
211,11383,$379.99
212,11384,$218.00
213,11384,$225.00
214,11384,$225.00
215,11384,$239.00
216,11384,$249.99
217,11384,$268.00
218,11384,$275.00
219,11384,$289.00
220,11385,$721.00
221,11385,$808.65
222,11385,$1800.00
223,11385,$2263.89
224,11386,$125.00
225,11386,$269.98
226,11386,$294.95
227,11386,$339.97
228,11388,$260.00
229,11388,$297.00
230,11388,$349.95
231,11388,$385.00
232,11388,$450.00
233,11388,$453.95
234,11389,$316.00
235,11389,$354.00
236,11389,$381.89
237,11389,$389.97
238,11389,$395.00
239,11389,$488.00
240,11389,$499.99
241,11389,$500.89
242,11390,$189.00
243,11390,$241.89
244,11390,$354.00
245,11390,$395.00
246,11390,$425.00
247,11390,$489.97
248,11390,$500.89
249,11391,$189.00
250,11391,$241.89
251,11391,$354.00
252,11391,$395.00
253,11391,$425.00
254,11391,$489.97
255,11391,$500.89
256,11392,$260.00
257,11392,$318.89
258,11392,$329.97
259,11392,$425.00
260,11392,$425.00
261,11392,$425.00
262,11392,$425.00
263,11393,$258.00
264,11393,$325.00
265,11393,$808.89
266,11394,$165.00
267,11394,$219.00
268,11394,$249.97
269,11394,$250.00
270,11394,$272.00
271,11394,$325.65
272,11394,$379.00
273,11394,$399.97
274,11395,$285.00
275,11395,$311.00
276,11395,$335.00
277,11395,$336.00
278,11395,$345.00
279,11395,$349.94
280,11395,$359.00
281,11395,$379.97
282,11395,$379.99
283,11395,$389.99
284,11395,$425.55
285,11395,$559.00
286,11395,$582.00
287,11397,$171.00
288,11397,$225.00
289,11397,$285.98
290,11397,$299.00
291,11397,$325.00
292,11397,$367.00
293,11397,$395.00
294,11397,$398.00
295,11397,$399.00
296,11397,$404.99
297,11397,$410.00
298,11398,"218,134?"
299,11398,"219,252?"
300,11398,"222,608?"
301,11398,"222,608?"
302,11398,"246,043?"
303,11398,"246,088?"
304,11398,"251,670?"
305,11398,"257,275?"
306,11398,"290,834?"
307,11398,"906,082?"
308,11399,$189.98
309,11399,$190.00
310,11399,$199.00
311,11399,$200.00
312,11399,$239.98
313,11399,$243.55
314,11399,$326.00
315,11400,$215.00
316,11400,$240.00
317,11400,$257.49
318,11400,$271.49
319,11400,$275.00
320,11400,$349.97
321,11400,$369.98
322,11401,$149.00
323,11402,$162.00
324,11402,$219.98
325,11403,$229.00
326,11403,$230.00
327,11403,$231.00
328,11403,$245.00
329,11404,$155.00
330,11404,$158.00
331,11404,$158.00
332,11404,$184.99
333,11404,$199.98
334,11404,$200.55
335,11404,$220.00
336,11404,$224.99
337,11405,$269.94
338,11405,$294.94
339,11405,$300.00
340,11405,$304.00
341,11405,$345.00
342,11405,$369.98
343,11405,$374.95
344,11405,$375.00
345,11405,$379.99
346,11406,$225.00
347,11406,$228.00
348,11406,$234.94
349,11406,$238.00
350,11406,$238.94
351,11406,$239.00
352,11406,$268.00
353,11406,$288.00
354,11406,$289.98
355,11406,$299.00
356,11406,$299.99
357,11407,$114.98
358,11407,$119.00
359,11407,$129.00
360,11407,$133.00
361,11407,$154.55
362,11408,$163.89
363,11408,$245.00
364,11408,$250.00
365,11408,$801.89
366,11408,$3142.89
367,11409,$228.00
368,11409,$242.00
369,11409,$249.95
370,11409,$2900.00
371,11410,$215.00
372,11410,$219.00
373,11410,$230.00
374,11410,$234.00
375,11410,$239.00
376,11410,$269.99
377,11410,$275.55
378,11410,$299.99
379,11411,$129.00
380,11411,$129.98
381,11411,$133.00
382,11411,$135.00
383,11411,$144.00
384,11412,$135.00
385,11412,$146.00
386,11412,$146.00
387,11412,$148.00
388,11412,$149.00
389,11412,$167.00
390,11413,$195.00
391,11413,$195.00
392,11413,$198.99
393,11413,$199.89
394,11413,$210.00
395,11413,$221.00
396,11413,$250.55
397,11414,$69.00
398,11414,$74.00
399,11414,$89.99
400,11415,$234.00
401,11415,$245.00
402,11415,$249.94
403,11415,$257.00
404,11415,$284.99
405,11415,$287.89
406,11415,$299.00
407,11415,$495.00
408,11415,$860.00
409,11415,$1700.00
410,11415,$3075.00
411,11415,$3400.00
412,11416,$152.00
413,11416,$152.00
414,11416,$155.00
415,11416,$158.00
416,11416,$159.00
417,11416,$159.94
418,11416,$179.99
419,11416,$179.99
420,11416,$179.99
421,11416,$194.95
422,11417,$525.00
423,11417,$574.95
424,11417,$582.00
425,11417,$599.00
426,11417,$599.99
427,11417,$651.00
428,11417,$698.00
429,11418,$849.00
430,11418,$858.00
431,11418,$895.00
432,11418,$1278.89
433,11418,$1699.00
434,11419,$819.00
435,11419,$825.00
436,11419,$840.00
437,11419,$841.00
438,11419,$895.00
439,11419,$950.00
440,11419,$999.98
441,11419,$999.99
442,11419,$1025.00
443,11420,$407.00
444,11420,$459.00
445,11421,$644.98
446,11421,$663.00
447,11421,$675.00
448,11421,$695.00
449,11421,$699.00
450,11421,$699.00
451,11421,$699.98
452,11422,$233.00
453,11422,$749.99
454,11423,$188.00
455,11423,$221.00
456,11423,$230.00
457,11423,$2750.00
458,11424,$177.00
459,11424,$177.00
460,11424,$273.00
461,11424,$347.50
462,11424,$449.99
463,11424,$660.89
464,11425,$195.00
465,11425,$199.00
466,11425,$221.00
467,11425,$225.00
468,11425,$306.75
469,11425,$314.99
470,11426,$278.00
471,11426,$278.00
472,11426,$325.00
473,11426,$325.00
474,11426,$359.98
475,11426,$369.99
476,11426,$3325.00
477,11427,$375.00
478,11427,$380.00
479,11427,$394.00
480,11427,$395.00
481,11427,$449.99
482,11427,$475.50
483,11428,$129.94
484,11428,$133.00
485,11428,$135.00
486,11428,$139.99
487,11428,$143.10
488,11428,$148.95
489,11428,$149.97
490,11428,$154.99
491,11428,$288.00
492,11429,$200.00
493,11429,$210.00
494,11429,$230.00
495,11429,$235.00
496,11429,$240.00
497,11429,$248.00
498,11429,$269.99
499,11429,$287.99
500,11429,$291.98
501,11429,$349.99
502,11429,$655.95
503,11430,$250.00
504,11430,$399.97
505,11431,$276.00
506,11432,$245.00
507,11432,$259.00
508,11433,$278.00
509,11433,$284.00
510,11433,$309.00
511,11433,$360.00
512,11433,$719.99
513,11434,$202.00
514,11435,$506.75
515,11435,$575.00
516,11435,$579.00
517,11435,$595.00
518,11435,$598.00
519,11435,$600.00
520,11435,$607.00
521,11435,$607.00
522,11435,$649.99
523,11435,$727.55
524,11435,$749.98
525,11435,$819.99
526,11435,$1200.00
527,11435,$1295.00
528,11435,$1299.97
529,11436,$621.00
530,11436,$625.00
531,11436,$625.00
532,11436,$625.00
533,11436,$629.00
534,11436,$633.00
535,11436,$650.00
536,11436,$695.00
537,11436,$788.50
538,11436,$799.97
539,11437,$400.00
540,11437,$415.00
541,11437,$425.00
542,11437,$449.00
543,11437,$450.00
544,11437,$455.00
545,11437,$459.00
546,11437,$499.98
547,11437,$499.99
548,11437,$500.95
549,11437,$504.00
550,11437,$529.99
551,11437,$545.00
552,11437,$549.00
553,11437,$549.97
554,11438,$1099.00
555,11438,$1195.00
556,11438,$1299.00
557,11438,$1499.99
558,11438,$1560.00
559,11438,$1581.00
560,11438,$1749.98
561,11439,$875.00
562,11439,$987.00
563,11439,$3250.00
564,11440,$399.00
565,11440,$961.00
566,11440,$1800.00
567,11440,$2263.75
568,11441,$810.00
569,11442,$825.00
570,11442,$850.00
571,11444,$750.00
572,11444,$835.00
573,11444,$1582.00
574,11444,$1650.00
575,11444,$1798.00
576,11445,$750.00
577,11445,$835.00
578,11445,$1582.00
579,11445,$1650.00
580,11445,$1798.00
581,11446,$799.00
582,11446,$899.00
583,11446,$950.00
584,11446,$968.00
585,11446,$1000.00
586,11448,$898.00
587,11448,$1500.00
588,11448,$1595.00
589,11448,$1595.00
590,11448,$1595.00
591,11449,$725.00
592,11449,$725.00
593,11449,$795.00
594,11449,$858.00
595,11449,$875.00
596,11449,$899.98
597,11451,$846.00
598,11451,$849.00
599,11451,$849.97
600,11451,$849.99
601,11451,$860.00
602,11451,$879.00
603,11451,$910.00
604,11451,$948.00
605,11451,$1119.00
606,11452,$835.00
607,11452,$863.00
608,11452,$2749.99
609,11452,$3011.95
610,11452,$4199.00
611,11453,$425.00
612,11453,$435.00
613,11453,$550.50
614,11453,$942.00
615,11453,$942.00
616,11453,$995.00
617,11453,$1100.00
618,11453,$1499.00
619,11454,$899.00
620,11454,$974.00
621,11454,$975.00
622,11454,$982.00
623,11454,$1100.00
624,11454,$1249.99
625,11454,$1253.75
626,11454,$1395.00
627,11455,$899.00
628,11455,$925.00
629,11455,$936.00
630,11455,$996.00
631,11455,$999.85
632,11455,$1197.89
633,11455,$1199.97
634,11456,$633.00
635,11456,$800.00
636,11456,$946.89
637,11456,$1887.89
638,11458,$392.00
639,11458,$899.99
640,11458,$7848.89
641,11459,$75.00
642,11459,$83.00
643,11459,$129.00
644,11459,$129.98
645,11459,$137.00
646,11459,$219.00
647,11460,$450.00
648,11460,$499.99
649,11460,$534.98
650,11460,$548.00
651,11460,$614.00
652,11461,$495.00
653,11461,$499.98
654,11461,$626.00
655,11461,$775.00
656,11461,$1824.89
657,11462,$557.00
658,11463,$557.00
659,11464,$668.00
660,11464,$689.00
661,11464,$689.98
662,11464,$698.00
663,11464,$698.00
664,11464,$800.00
665,11465,$795.00
666,11465,$795.00
667,11465,$795.00
668,11465,$810.00
669,11465,$832.00
670,11465,$839.00
671,11465,$849.98
672,11465,$849.98
673,11466,$1076.00
674,11467,$475.00
675,11467,$475.00
676,11467,$589.00
677,11467,$595.00
678,11467,$729.98
679,11467,$744.55
680,11467,$1195.00
681,11467,$1200.00
682,11468,$499.98
683,11468,$525.00
684,11468,$595.00
685,11468,$650.00
686,11468,$877.89
687,11468,$1251.00
688,11468,$1499.99
689,11469,$549.99
690,11469,$582.00
691,11469,$625.00
692,11469,$626.00
693,11469,$649.98
694,11469,$659.97
695,11469,$669.97
696,11469,$700.00
697,11469,$767.00
698,11469,$862.95
699,11469,$1095.00
700,11469,$1578.95
701,11470,$549.00
702,11470,$617.00
703,11470,$625.00
704,11470,$639.97
705,11470,$888.95
706,11470,$1400.00
707,11470,$1511.89
708,11470,$2499.00
709,11471,$871.00
710,11471,$874.95
711,11471,$886.00
712,11471,$895.00
713,11471,$895.00
714,11471,$899.00
715,11471,$925.00
716,11471,$950.00
717,11471,$1034.00
718,11472,$348.00
719,11472,$349.95
720,11472,$384.49
721,11472,$405.49
722,11472,$449.00
723,11472,$449.98
724,11472,$585.00
725,11473,$149.94
726,11473,$149.99
727,11473,$158.00
728,11473,$165.00
729,11473,$175.00
730,11473,$189.00
731,11473,$339.00
732,11473,$1975.00
733,11476,$185.00
734,11476,$190.00
735,11477,$152.00
736,11477,$159.98
737,11477,$161.00
738,11477,$165.00
739,11477,$165.00
740,11477,$169.00
741,11477,$169.00
742,11477,$189.00
743,11477,$198.992
744,11478,$133.00
745,11478,$140.00
746,11478,$249.97
747,11478,$325.00
748,11479,$400.00
749,11479,$419.00
750,11479,$425.00
751,11479,$531.00
752,11479,$729.99
753,11479,$757.89
754,11479,$3079.75
755,11480,$459.00
756,11480,$481.00
757,11480,$490.00
758,11480,$499.00
759,11480,$562.65
760,11480,$659.98
761,11480,$1710.00
762,11481,$345.00
763,11481,$380.00
764,11481,$413.00
765,11481,$445.00
766,11481,$780.00
767,11481,$1095.00
768,11482,$155.00
769,11482,$184.49
770,11482,$194.49
771,11482,$196.00
772,11482,$392.00
773,11482,$911.00
774,11483,$155.00
775,11483,$184.49
776,11483,$194.49
777,11483,$196.00
778,11483,$392.00
779,11483,$911.00
780,11484,$195.00
781,11484,$215.00
782,11484,$225.00
783,11484,$225.00
784,11484,$238.00
785,11484,$250.55
786,11484,$276.00
787,11484,$480.00
788,11485,$195.00
789,11485,$215.00
790,11485,$225.00
791,11485,$225.00
792,11485,$238.00
793,11485,$250.55
794,11485,$276.00
795,11485,$480.00
796,11486,$309.00
797,11486,$317.00
798,11486,$345.00
799,11486,$353.00
800,11486,$399.98
801,11486,$400.00
802,11486,$900.00
803,11487,$310.00
804,11487,$323.00
805,11487,$323.00
806,11487,$333.00
807,11487,$399.98
808,11487,$494.89
809,11488,$175.00
810,11488,$179.00
811,11488,$190.00
812,11488,$199.95
813,11488,$206.00
814,11488,$269.98
815,11488,$498.00
816,11488,$1995.00
817,11489,$188.00
818,11489,$199.00
819,11489,$199.00
820,11489,$252.89
821,11489,$259.98
822,11489,$366.00
823,11491,$248.99
824,11491,$275.00
825,11491,$275.00
826,11491,$275.00
827,11491,$275.00
828,11491,$278.00
829,11491,$339.99
830,11491,$345.00
831,11491,$349.95
832,11492,$123.95
833,11492,$199.99
834,11492,$205.00
835,11492,$208.95
836,11492,$209.00
837,11492,$210.00
838,11492,$228.00
839,11492,$228.98
840,11492,$229.99
841,11493,$375.00
842,11493,$392.00
843,11493,$469.99
844,11493,$626.75
845,11493,$795.00
846,11493,$1071.75
847,11494,$325.00
848,11494,$350.00
849,11494,$373.00
850,11494,$375.00
851,11494,$413.55
852,11495,$139.00
853,11495,$180.00
854,11496,$185.00
855,11496,$195.00
856,11496,$205.00
857,11496,$217.00
858,11496,$219.00
859,11496,$269.99
860,11497,$139.97
861,11497,$230.00
862,11497,$234.00
863,11497,$245.00
864,11497,$255.00
865,11497,$265.00
866,11497,$279.99
867,11497,$289.99
868,11497,$300.00
869,11497,$318.89
870,11498,$139.00
871,11498,$145.00
872,11498,$148.00
873,11498,$149.00
874,11498,$158.00
875,11498,$169.89
876,11499,$195.00
877,11499,$200.00
878,11499,$225.00
879,11499,$279.99
880,11499,$425.00
881,11499,$538.55
882,11500,$375.00
883,11500,$440.00
884,11500,$470.65
885,11500,$600.00
886,11501,$137.00
887,11502,$164.00
888,11502,$169.00
889,11502,$189.99
890,11502,$2025.00
891,11503,$135.00
892,11503,$137.00
893,11505,$175.00
894,11505,$179.00
895,11505,$180.00
896,11505,$219.99
897,11505,$230.55
898,11505,$249.99
899,11505,$299.99
900,11505,$349.99
901,11506,$135.00
902,11506,$139.00
903,11506,$144.00
904,11506,$144.94
905,11506,$150.00
906,11506,$179.99
907,11507,$177.00
908,11507,$185.00
909,11507,$190.00
910,11507,$195.00
911,11507,$200.00
912,11507,$215.00
913,11507,$219.95
914,11507,$219.99
915,11507,$235.00
916,11507,$235.00
917,11508,$1000.00
918,11508,$1040.00
919,11508,$1149.00
920,11508,$1200.00
921,11508,$1499.00
922,11508,$1573.89
923,11509,$450.00
924,11509,$475.00
925,11509,$625.00
926,11509,$675.00
927,11509,$696.00
928,11509,$899.98
929,11510,$493.00
930,11510,$513.00
931,11510,$525.00
932,11510,$526.00
933,11511,$525.00
934,11511,$575.00
935,11511,$599.00
936,11511,$615.00
937,11511,$620.00
938,11511,$638.00
939,11512,$850.00
940,11512,$895.00
941,11512,$900.00
942,11512,$930.00
943,11512,$949.98
944,11513,$550.00
945,11513,$699.99
946,11513,$1100.00
947,11514,$506.00
948,11514,$509.00
949,11515,$475.89
950,11515,$550.00
951,11515,$615.00
952,11515,$620.00
953,11515,$646.00
954,11515,$675.00
955,11515,$699.97
956,11515,$799.00
957,11515,$849.98
958,11516,$450.00
959,11516,$500.00
960,11516,$511.00
961,11516,$569.98
962,11516,$599.98
963,11516,$699.99
964,11516,$900.00
965,11516,$1000.00
966,11516,$1009.89
967,11517,$848.00
968,11517,$848.00
969,11517,$875.00
970,11517,$975.00
971,11517,$1109.99
972,11517,$1149.97
973,11517,$1229.55
974,11518,$799.00
975,11518,$830.00
976,11518,$841.00
977,11518,$850.00
978,11518,$859.00
979,11518,$899.00
980,11518,$949.98
981,11518,$950.00
982,11518,$954.00
983,11519,$296.00
984,11519,$304.00
985,11519,$369.65
986,11520,$463.65
987,11520,$588.00
988,11520,$600.00
989,11522,$147.00
990,11522,$159.00
991,11522,$171.00
992,11523,$190.00
993,11523,$196.00
994,11523,$209.00
995,11523,$224.95
996,11523,$225.00
997,11523,$253.98
998,11523,$279.99
999,11524,$225.00
1000,11524,$235.00
1001,11524,$239.00
1002,11524,$249.00
1003,11524,$249.00
1004,11524,$250.00
1005,11525,$162.00
1006,11525,$162.00
1007,11525,$199.95
1008,11525,$199.98
1009,11525,$199.99
1010,11525,$229.89
1011,11525,$260.00
1012,11525,$325.00
1013,11526,$288.00
1014,11526,$288.00
1015,11526,$308.00
1016,11526,$310.00
1017,11526,$349.99
1018,11526,$351.00
1019,11526,$374.99
1020,11526,$382.50
1021,11526,$389.99
1022,11527,$234.95
1023,11527,$241.00
1024,11527,$248.00
1025,11527,$249.94
1026,11527,$251.00
1027,11527,$261.00
1028,11527,$265.00
1029,11528,$1199.00
1030,11528,$1249.99
1031,11528,$1250.00
1032,11528,$1395.00
1033,11528,$1400.00
1034,11528,$1451.00
1035,11528,$1499.98
1036,11528,$1500.00
1037,11529,$425.00
1038,11529,$500.00
1039,11529,$524.00
1040,11529,$582.00
1041,11530,$557.00
1042,11530,$575.00
1043,11530,$650.00
1044,11531,$419.99
1045,11531,$557.00
1046,11531,$586.00
1047,11531,$598.00
1048,11531,$629.97
1049,11531,$789.75
1050,11532,$495.00
1051,11532,$499.00
1052,11532,$499.99
1053,11532,$569.00
1054,11532,$588.00
1055,11532,$1150.00
1056,11533,$545.00
1057,11533,$549.97
1058,11533,$557.00
1059,11533,$565.00
1060,11533,$713.50
1061,11534,$549.00
1062,11534,$599.97
1063,11534,$645.00
1064,11534,$757.89
1065,11534,$1050.00
1066,11534,$1099.00
1067,11535,$685.00
1068,11535,$695.00
1069,11535,$695.00
1070,11535,$708.00
1071,11535,$715.00
1072,11535,$749.97
1073,11535,$750.00
1074,11535,$799.00
1075,11536,$685.00
1076,11536,$695.00
1077,11536,$695.00
1078,11536,$708.00
1079,11536,$715.00
1080,11536,$749.97
1081,11536,$750.00
1082,11536,$799.00
1083,11537,$575.00
1084,11537,$582.00
1085,11537,$595.00
1086,11537,$599.97
1087,11537,$639.98
1088,11537,$660.00
1089,11539,$538.89
1090,11539,$720.00
1091,11539,$721.00
1092,11539,$725.00
1093,11539,$735.00
1094,11539,$795.00
1095,11539,$799.00
1096,11539,$825.00
1097,11539,$894.98
1098,11540,$250.00
1099,11540,$259.00
1100,11540,$325.00
1101,11540,$334.98
1102,11541,$354.00
1103,11541,$365.00
1104,11541,$367.00
1105,11541,$375.00
1106,11541,$389.98
1107,11541,$421.00
1108,11541,$446.98
1109,11541,$2000.00
1110,11541,$4000.00
1111,11541,$4400.00
1112,11542,$225.00
1113,11542,$234.00
1114,11542,$235.00
1115,11542,$250.00
1116,11542,$289.98
1117,11542,$299.99
1118,11542,$499.99
1119,11542,$539.99
1120,11543,$248.00
1121,11543,$249.00
1122,11543,$261.95
1123,11543,$269.99
1124,11543,$319.95
1125,11543,$474.00
1126,11543,$588.95
1127,11544,$139.00
1128,11544,$159.00
1129,11544,$179.99
1130,11544,$191.95
1131,11545,$175.00
1132,11545,$188.95
1133,11545,$195.00
1134,11545,$199.00
1135,11545,$228.00
1136,11545,$250.55
1137,11546,$127.00
1138,11546,$179.99
1139,11547,$209.00
1140,11547,$213.00
1141,11547,$218.00
1142,11547,$220.00
1143,11547,$280.50
1144,11547,$415.00
1145,11547,$525.50
1146,11548,$170.00
1147,11548,$177.98
1148,11548,$189.97
1149,11548,$190.00
1150,11548,$190.00
1151,11548,$199.00
1152,11548,$199.98
1153,11548,$225.00
1154,11548,$239.99
1155,11549,$170.00
1156,11549,$177.98
1157,11549,$189.97
1158,11549,$190.00
1159,11549,$190.00
1160,11549,$199.00
1161,11549,$199.98
1162,11549,$225.00
1163,11549,$239.99
1164,11550,$218.00
1165,11550,$225.00
1166,11550,$225.00
1167,11550,$225.00
1168,11550,$228.00
1169,11550,$273.65
1170,11550,$435.00
1171,11551,$250.00
1172,11551,$275.00
1173,11551,$300.00
1174,11551,$324.98
1175,11551,$361.00
1176,11552,$475.00
1177,11552,$495.00
1178,11552,$495.00
1179,11552,$545.00
1180,11552,$550.00
1181,11552,$599.97
1182,11552,$700.00
1183,11552,$702.00
1184,11552,$946.89
1185,11552,$1887.75
1186,11553,$285.00
1187,11553,$315.00
1188,11553,$319.99
1189,11553,$352.00
1190,11553,$352.00
1191,11553,$882.75
1192,11554,$180.00
1193,11554,$215.00
1194,11554,$225.00
1195,11554,$249.99
1196,11554,$249.99
1197,11554,$250.00
1198,11554,$275.65
1199,11554,$325.00
1200,11554,$329.00
1201,11555,$324.00
1202,11555,$389.00
1203,11555,$399.00
1204,11555,$425.00
1205,11555,$487.00
1206,11555,$537.50
1207,11555,$1500.00
1208,11555,$1887.55
1209,11556,$390.00
1210,11556,$405.00
1211,11556,$626.89
1212,11557,$385.00
1213,11557,$385.00
1214,11557,$417.00
1215,11557,$428.00
1216,11557,$449.99
1217,11557,$459.99
1218,11557,$466.95
1219,11557,$489.98
1220,11557,$499.00
1221,11557,$939.95
1222,11559,$139.00
1223,11559,$152.00
1224,11559,$160.00
1225,11560,$2176.00
1226,11561,$6319.00
1227,11561,$7528.89
1228,11562,$2525.00
1229,11562,$2530.00
1230,11562,$2676.00
1231,11563,$2300.00
1232,11563,$2395.00
1233,11563,$2399.00
1234,11563,$2475.00
1235,11563,$2795.00
1236,11563,$2834.00
1237,11563,$3512.50
1238,11564,$3500.00
1239,11564,$3595.00
1240,11564,$3694.99
1241,11564,$3899.99
1242,11564,$3950.00
1243,11564,$4744.00
1244,11564,$5017.00
1245,11564,$8333.33
1246,11564,$8333.33
1247,11565,$135.00
1248,11565,$135.00
1249,11565,$149.00
1250,11565,$155.00
1251,11565,$162.00
1252,11565,$179.98
1253,11566,$139.00
1254,11567,$132.00
1255,11567,$135.94
1256,11567,$135.95
1257,11567,$135.98
1258,11567,$631.75
1259,11568,$177.00
1260,11568,$188.00
1261,11568,$189.00
1262,11568,$194.00
1263,11568,$195.00
1264,11568,$224.95
1265,11568,$224.98
1266,11568,$245.89
1267,11568,$467.99
1268,11568,$575.00
1269,11570,$245.00
1270,11570,$245.00
1271,11570,$250.00
1272,11570,$266.00
1273,11570,$350.89
1274,11571,$190.00
1275,11571,$190.00
1276,11571,$195.00
1277,11571,$243.55
1278,11572,$73.00
1279,11572,$126.00
1280,11572,$142.00
1281,11572,$299.00
1282,11573,$73.00
1283,11573,$126.00
1284,11573,$142.00
1285,11573,$299.00
1286,11574,$241.00
1287,11574,$245.00
1288,11574,$249.00
1289,11574,$249.98
1290,11574,$266.00
1291,11574,$275.65
1292,11574,$379.98
1293,11574,$450.00
1294,11574,$750.00
1295,11574,$900.00
1296,11575,$142.00
1297,11575,$151.00
1298,11576,$150.00
1299,11576,$152.00
1300,11577,$129.00
1301,11577,$162.00
1302,11577,$175.00
1303,11577,$181.65
1304,11577,$189.97
1305,11578,$120.00
1306,11578,$130.00
1307,11578,$135.00
1308,11578,$152.00
1309,11578,$161.65
1310,11578,$301.00
1311,11579,$135.00
1312,11579,$152.00
1313,11579,$174.55
1314,11579,$200.00
1315,11580,$152.00
1316,11580,$155.00
1317,11580,$155.00
1318,11580,$158.95
1319,11580,$174.98
1320,11580,$194.89
1321,11581,$74.98
1322,11581,$137.00
1323,11581,$145.00
1324,11581,$148.00
1325,11581,$159.00
1326,11581,$175.89
1327,11581,$359.00
1328,11582,$171.00
1329,11582,$179.00
1330,11582,$184.00
1331,11582,$185.00
1332,11582,$199.00
1333,11582,$219.95
1334,11582,$224.98
1335,11582,$237.55
1336,11582,$265.50
1337,11583,$209.00
1338,11583,$209.00
1339,11583,$213.00
1340,11583,$235.00
1341,11583,$235.00
1342,11584,$209.00
1343,11584,$214.94
1344,11584,$215.00
1345,11584,$215.00
1346,11584,$225.00
1347,11584,$225.00
1348,11584,$235.00
1349,11585,$112.95
1350,11585,$133.00
1351,11585,$169.89
1352,11586,$139.00
1353,11586,$145.00
1354,11586,$149.00
1355,11586,$162.00
1356,11586,$229.97
1357,11587,$150.00
1358,11587,$152.00
1359,11587,$155.00
1360,11588,$250.00
1361,11588,$254.94
1362,11588,$272.00
1363,11588,$282.00
1364,11588,$306.95
1365,11588,$322.00
1366,11588,$585.00
1367,11589,$155.00
1368,11589,$158.00
1369,11589,$159.94
1370,11589,$165.00
1371,11589,$171.95
1372,11589,$189.00
1373,11589,$195.00
1374,11590,"139,829?"
1375,11590,"148,778?"
1376,11590,"181,834?"
1377,11592,$158.00
1378,11592,$163.00
1379,11592,$164.94
1380,11592,$195.00
1381,11592,$213.89
1382,11592,$495.00
1383,11593,$389.00
1384,11593,$405.00
1385,11594,$325.00
1386,11594,$349.97
1387,11594,$361.00
1388,11594,$368.00
1389,11594,$413.55
1390,11594,$630.00
1391,11594,$699.00
1392,11594,$1349.00
1393,11594,$4415.00
1394,11595,$99.00
1395,11595,$184.94
1396,11595,$207.00
1397,11595,$213.00
1398,11595,$215.00
1399,11595,$215.00
1400,11595,$234.00
1401,11595,$250.00
1402,11595,$274.50
1403,11595,$399.00
1404,11596,$194.94
1405,11596,$196.00
1406,11597,$202.00
1407,11597,$626.75
1408,11598,$169.00
1409,11598,$189.00
1410,11598,$207.89
1411,11598,$632.89
1412,11599,$145.00
1413,11600,$240.00
1414,11600,$247.00
1415,11600,$325.00
1416,11600,$399.99
1417,11601,$182.00
1418,11601,$219.65
1419,11602,$500.00
1420,11603,$135.00
1421,11603,$247.00
1422,11604,$449.99
1423,11604,$506.00
1424,11605,$430.00
1425,11605,$506.00
1426,11606,$158.00
1427,11606,$191.00
1428,11607,$239.00
1429,11607,$608.00
1430,11608,$506.00
1431,11609,$455.00
1432,11609,$499.00
1433,11609,$499.99
1434,11609,$550.00
1435,11609,$629.99
1436,11609,$630.50
1437,11609,$643.00
1438,11609,$1202.00
1439,11610,$470.00
1440,11610,$475.00
1441,11610,$525.00
1442,11610,$531.00
1443,11610,$624.97
1444,11610,$664.25
1445,11611,$152.00
1446,11612,$145.00
1447,11612,$274.97
1448,11613,$149.99
1449,11613,$166.00
1450,11613,$167.00
1451,11613,$175.00
1452,11613,$1990.00
1453,11614,$180.00
1454,11614,$184.94
1455,11614,$195.00
1456,11614,$249.98
1457,11614,$250.00
1458,11615,$259.99
1459,11615,$274.94
1460,11615,$275.00
1461,11615,$275.00
1462,11615,$276.00
1463,11615,$295.00
1464,11615,$295.00
1465,11615,$329.99
1466,11615,$375.55
1467,11615,$1950.00
1468,11616,$455.00
1469,11616,$459.98
1470,11617,$127.00
1471,11618,$316.00
1472,11618,$499.99
1473,11618,$609.75
1474,11619,$221.00
1475,11620,$152.00
1476,11621,$215.00
1477,11622,$519.00
1478,11622,$519.00
1479,11622,$543.00
1480,11622,$617.98
1481,11622,$699.97
1482,11624,$500.00
1483,11624,$525.00
1484,11624,$539.00
1485,11624,$699.97
1486,11624,$739.89
1487,11625,$949.00
1488,11625,$980.00
1489,11625,$5875.00
